{
  "blocks": [
    {
      "id": "e4a6ae37-fbc6-48fe-b842-46a0b61d8705",
      "page_index": 0,
      "coords_px": [
        207,
        31,
        2451,
        3572
      ],
      "coords_norm": [
        0.029499786233433092,
        0.006246222043119081,
        0.3492945703292005,
        0.7197259721942374
      ],
      "category": "",
      "block_type": "table",
      "source": "user",
      "image_file": "/data/jobs/a9daa6b7-f931-4773-8c39-bcc42b9f4429/crops/block_e4a6ae37-fbc6-48fe-b842-46a0b61d8705.png",
      "ocr_text": "\n\n# Ведомость основных комплектов рабочих чертежей\n\n| Обозначение                              | Наименование                                                                        | Примечание |\n|------------------------------------------|-------------------------------------------------------------------------------------|------------|\n| Общие архитектурно-планировочные решения |                                                                                     |            |\n| 165-1-2024-РД-АР1                        | Общие архитектурно-планировочные решения. Разрезы и сечения. Разбивочный план осей  |            |\n| Подземная часть                          |                                                                                     |            |\n| 165-1-2024-РД-АР2.1                      | Подземная часть. Кладочные планы                                                    |            |\n| 165-1-2024-РД-АР2.2                      | Подземная часть. Маркировочные планы.                                               |            |\n| Надземная часть                          |                                                                                     |            |\n| 165-1-2024-РД-АР3.1.1                    | Надземная часть. Стилобатная часть. Кладочные планы 1го этажа                       |            |\n| 165-1-2024-РД-АР3.1.2                    | Надземная часть. Секция 1. Кладочные планы со 2го этажа                             |            |\n| 165-1-2024-РД-АР3.1.3                    | Надземная часть. Секция 2. Кладочные планы со 2го этажа                             |            |\n| 165-1-2024-РД-АР3.1.4                    | Надземная часть. Секция 3. Кладочные планы со 2го этажа                             |            |\n| 165-1-2024-РД-АР3.2.1                    | Надземная часть. Стилобатная часть. Маркировочные планы.                            |            |\n| 165-1-2024-РД-АР3.2.2                    | Надземная часть. Секция 1. Маркировочные планы со 2го этажа                         |            |\n| 165-1-2024-РД-АР3.2.3                    | Надземная часть. Секция 2. Маркировочные планы со 2го этажа                         |            |\n| 165-1-2024-РД-АР3.2.4                    | Надземная часть. Секция 3. Маркировочные планы со 2го этажа                         |            |\n| Лестницы                                 |                                                                                     |            |\n| 165-1-2024-РД-АР4                        | Лестницы                                                                            |            |\n| Кровля                                   |                                                                                     |            |\n| 165-1-2024-РД-АР5.1                      | Кровля. Стилобатная часть и Секции. Кладочные планы                                 |            |\n| 165-1-2024-РД-АР5.2                      | Кровля. Стилобатная часть и Секции. Маркировочные планы                             |            |\n| 165-1-2024-РД-АР5.3                      | Кровля. Паркинг и стилобатная часть. Световой фонарь. (Планы кровли, узлы, сечения) |            |\n| 165-1-2024-РД-АР5.4                      | Кровля. Секции (Планы кровли, узлы, сечения)                                        |            |\n| Фасады                                   |                                                                                     |            |\n| 165-1-2024-РД-АР6.1                      | Фасады. Стилобатная часть                                                           |            |\n| 165-1-2024-РД-АР6.2                      | Фасады. Секция 1                                                                    |            |\n| 165-1-2024-РД-АР6.3                      | Фасады. Секция 2                                                                    |            |\n| 165-1-2024-РД-АР6.4                      | Фасады. Секция 3                                                                    |            |\n| 165-1-2024-РД-АР6.5                      | Фасады. Типовые узлы и сечения                                                      |            |\n\n# Ведомость ссылочных и прилагаемых документов\n\n| Обозначение         | Наименование                                          | Примечание |\n|---------------------|-------------------------------------------------------|------------|\n| Ссылочные документы |                                                       |            |\n| ALUTECH             | Альбомы технических решений профильных систем ALUTECH |            |\n\n# Ведомость рабочих чертежей основного комплекта"
    }
  ]
}