[
  {
    "block_id": "861de9bd-1102-4f1c-99b6-5847c3735c6b",
    "text": "```json\n{\n  \"Общие указания\": [\n    \"1. В представленном комплексе АР6.1 разработаны фасадные решения стилобатной части жилого комплекса.\",\n    \"2. Рабочая документация разработана на основании:\",\n    \"- технического задания на разработку рабочей документации по объекту: «Жилой комплекс по адресу: г. Москва, ул. Фридриха Энгельса, земельный участок 56/1; вл.58, стр.1,2,3; вл.60, стр.1, вл.62, стр.1»\",\n    \"- положительного заключения негосударственной экспертизы 77-2-1-2-00243-2024,\",\n    \"- СТУ в части обеспечения противопожарной защиты,\",\n    \"- СТУ на проектирование и строительство объекта.\",\n    \"3. Рабочая документация разработана в соответствии с действующими правилами, нормами и стандартами. В том числе:\",\n    \"- Федеральный закон от 22 июля 2008 г. №123-ФЗ \\\"Технический регламент о требованиях пожарной безопасности\\\",\",\n    \"- Федеральный закон от 30 декабря 2009 г. N 384-ФЗ \\\"Технический регламент о безопасности зданий и сооружений\\\",\",\n    \"- СП 1.13130.2020 \\\"Системы противопожарной защиты. Эвакуационные пути и выходы\\\",\",\n    \"- СП 2.13130.2020 \\\"Системы противопожарной защиты. Обеспечение огнестойкости объектов защиты\\\",\",\n    \"- СП 4.13130.2013 \\\"Системы противопожарной защиты. Ограничение распространения пожара на объектах защиты. Требования к объемно-планировочным и конструктивным решениям.\",\n    \"- СП 15.13330.2020 \\\"Каменные и армокамерные конструкции\\\",\",\n    \"- СП 16.13330.2017 \\\"Стальные конструкции\\\",\",\n    \"- СП 28.13330.2017 \\\"Защита строительных конструкций от коррозии\\\",\",\n    \"- СП 50.13330.2012 \\\"Тепловая защита зданий\\\",\",\n    \"- СП 51.13330.2011 \\\"Защита от шума\\\",\",\n    \"- СП 54.13330.2016 \\\"Здания жилые многоквартирные\\\",\",\n    \"- СП 59.13330.2020 \\\"Доступность зданий сооружений для маломобильных групп населения\\\",\",\n    \"- СП 113.13330.2016 \\\"Стоянки автомобилей\\\".\",\n    \"4. За относительную отметку 0,000 принята абсолютная отметка 137,55.\",\n    \"5. Характеристика здания:\",\n    \"- Степень огнестойкости здания - I\",\n    \"Пожарные отсеки жилого комплекса и пожарный отсек подземной автостоянки предусмотрены I степени огнестойкости с повышенными пределами основных конструкций до R(REI) 150 класса конструктивной пожарной опасности С0.\",\n    \"- Уровень ответственности - нормальный\",\n    \"- Класс конструктивной пожарной опасности зданий - С0\",\n    \"- Класс пожарной опасности строительной конструкции - К0.\",\n    \"- Класс функциональной пожарной опасности помещений организаций торговли Ф 3.1\",\n    \"- Класс функциональной пожарной опасности помещений общественного питания Ф 3.2\",\n    \"- Класс функциональной пожарной опасности офисных помещений, помещения управляющей компании Ф 4.3\",\n    \"- Класс функциональной пожарной опасности кладовых помещений - Ф5.2\",\n    \"- Класс функциональной пожарной опасности подземной автостоянки - Ф5.2\",\n    \"- Класс функциональной пожарной опасности технических помещений - Ф5.1\"\n  ]\n}\n```",
    "type": "text",
    "page_index": 0,
    "category": ""
  }
]