{
  "blocks": [
    {
      "id": "6009af66-df3d-4e74-a67b-216a66e94100",
      "page_index": 0,
      "coords_px": [
        204,
        51,
        2433,
        3535
      ],
      "coords_norm": [
        0.02907225309961522,
        0.010276042716099134,
        0.3467293715262933,
        0.7122708039492243
      ],
      "category": "",
      "block_type": "table",
      "source": "user",
      "image_file": "/data/jobs/350cbdcb-469b-454c-b071-ec0fa574d88e/crops/block_6009af66-df3d-4e74-a67b-216a66e94100.png",
      "ocr_text": "\n\n## Ведомость основных комплектов рабочих чертежей\n\n| Обозначение                              | Наименование                                                                        | Примечание |\n|------------------------------------------|-------------------------------------------------------------------------------------|------------|\n| Общие архитектурно-планировочные решения |                                                                                     |            |\n| 165-1-2024-РД-АР1                        | Общие архитектурно-планировочные решения. Разрезы и сечения. Разбивочный план осей  |            |\n| Подземная часть                          |                                                                                     |            |\n| 165-1-2024-РД-АР2.1                      | Подземная часть. Кладочные планы                                                    |            |\n| 165-1-2024-РД-АР2.2                      | Подземная часть. Маркировочные планы.                                               |            |\n| Надземная часть                          |                                                                                     |            |\n| 165-1-2024-РД-АР3.1.1                    | Надземная часть. Стилобатная часть. Кладочные планы 1го этажа                       |            |\n| 165-1-2024-РД-АР3.1.2                    | Надземная часть. Секция 1. Кладочные планы со 2го этажа                             |            |\n| 165-1-2024-РД-АР3.1.3                    | Надземная часть. Секция 2. Кладочные планы со 2го этажа                             |            |\n| 165-1-2024-РД-АР3.1.4                    | Надземная часть. Секция 3. Кладочные планы со 2го этажа                             |            |\n| 165-1-2024-РД-АР3.2.1                    | Надземная часть. Стилобатная часть. Маркировочные планы.                            |            |\n| 165-1-2024-РД-АР3.2.2                    | Надземная часть. Секция 1. Маркировочные планы со 2го этажа                         |            |\n| 165-1-2024-РД-АР3.2.3                    | Надземная часть. Секция 2. Маркировочные планы со 2го этажа                         |            |\n| 165-1-2024-РД-АР3.2.4                    | Надземная часть. Секция 3. Маркировочные планы со 2го этажа                         |            |\n| Лестницы                                 |                                                                                     |            |\n| 165-1-2024-РД-АР4                        | Лестницы                                                                            |            |\n| Кровля                                   |                                                                                     |            |\n| 165-1-2024-РД-АР5.1                      | Кровля. Стилобатная часть и Секции. Кладочные планы                                 |            |\n| 165-1-2024-РД-АР5.2                      | Кровля. Стилобатная часть и Секции. Маркировочные планы                             |            |\n| 165-1-2024-РД-АР5.3                      | Кровля. Паркинг и стилобатная часть. Световой фонарь. (Планы кровли, узлы, сечения) |            |\n| 165-1-2024-РД-АР5.4                      | Кровля. Секции (Планы кровли, узлы, сечения)                                        |            |\n| Фасады                                   |                                                                                     |            |\n| 165-1-2024-РД-АР6.1                      | Фасады. Стилобатная часть                                                           |            |\n| 165-1-2024-РД-АР6.2                      | Фасады. Секция 1                                                                    |            |\n| 165-1-2024-РД-АР6.3                      | Фасады. Секция 2                                                                    |            |\n| 165-1-2024-РД-АР6.4                      | Фасады. Секция 3                                                                    |            |\n| 165-1-2024-РД-АР6.5                      | Фасады. Типовые узлы и сечения                                                      |            |\n\n## Ведомость ссылочных и прилагаемых документов\n\n| Обозначение         | Наименование                                          | Примечание |\n|---------------------|-------------------------------------------------------|------------|\n| Ссылочные документы |                                                       |            |\n| ALUTECH             | Альбомы технических решений профильных систем ALUTECH |            |"
    },
    {
      "id": "37fe2129-e899-446f-8e66-93e5cb381f86",
      "page_index": 0,
      "coords_px": [
        4720,
        164,
        6921,
        1508
      ],
      "coords_norm": [
        0.6726521305401169,
        0.03304452951843643,
        0.9863189397178281,
        0.30384847874269594
      ],
      "category": "",
      "block_type": "text",
      "source": "user",
      "image_file": "/data/jobs/350cbdcb-469b-454c-b071-ec0fa574d88e/crops/block_37fe2129-e899-446f-8e66-93e5cb381f86.png",
      "ocr_text": "\n\n20. Расчет фасадного утеплителя приведен в данном комплекте. Расчет утеплителя (сэндвич панелей) в составе витражей не предусматривается.\n\n21. Фасадные вывески применить по общему дизайн-проекту согласованному с Генпроектировщиком и Заказчиком.\n\n22. Деталировочные чертежи (КМД) по фасадам, в том числе: габариты элементов по результатам геодезических обмеров, расчеты несущей способности, узлы крепления, соединения и примыкания конструкций разрабатываются соответствующими подрядными организациями и согласовываются Генпроектировщиком.\n\n23. Объемы и площади фасадных материалов и т.д. корректируются подрядной организацией при разработке КМД и согласовывается с Заказчиком.\n\n24. Остекление конструкций производится в соответствии с рекомендациями LARTA GLASS:\n\nСПД – первый этаж. Прозрачная зона:\n\n- СПД 48мм: 8LartaProHPNeutral60/40зак(поз.2)-14Аг-6ExtraClear зак-14Аг-6LartaProPremiumT(поз.5)зак;\n\n- СПД 62мм: 10LartaPro HP Neutral 60/40 зак (поз.2)-16Аг-6ExtraClear зак-16Аг-66.4 Low E;\n\n- СПД 62мм с шелкографией: 10LartaPro HP Neutral 60/40 зак (поз.2)-16Аг-6ExtraClear зак-16Аг-66.4 Low E, RAL (поз. 6) )\n\nСПО. Непрозрачная зона:\n\n- СПО 28мм: 8LartaPro HP Neutral 60/40 зак (поз.2)-14-6ExtraClear зак, RAL (поз. 4) по согласованию;\n\n- СЭП 52мм: оц. лист RAL-50 утпл-оц. лист неокрас.\n\n25. Простенки в местах примыкания нормируемых по огнестойкости внутренних стен и перегородок (в т.ч. противопожарных) выполнить согласно СТУ пункту 5 таблицы 1.\n\n26. Заполнение проемов из лестниц паркинга в 1 и 2 секции, и в районе осей Лп/8п-9-п на расстояние 4м от вершины угла соединения внешних стен (в любую из двух сторон) выполнить в противопожарном исполнение EI60."
    }
  ]
}