[
  {
    "block_id": "61172c13-ce6e-4b72-b300-e491863939e6",
    "text": "\n\n20. Расчет фасадного утеплителя приведен в данном комплекте. Расчет утеплителя (сэндвич панелей) в составе вытражей не предусматривается.\n\n21. Фасадные вывески применить по общему дизайн-проекту согласованному с Генпроектировщиком и Заказчиком.\n\n22. Деталировочные чертежи (КМД) по фасадам, в том числе: габариты элементов по результатам геодезических обмеров, расчеты несущей способности, узлы крепления, соединения и примыкания конструкций разрабатываются соответствующими подрядными организациями и согласовываются Генпроектировщиком.\n\n23. Объемы и площади фасадных материалов и т.д. корректируются подрядной организацией при разработке КМД и согласовывается с Заказчиком.\n\n24. Остекление конструкций производится в соответствии с рекомендациями LARTA GLASS:\n\nСПД - первый этаж. Прозрачная зона:\n\n- СПД 48мм: 8LartaProHPNeutral60/40зак(поз.2)-14Аг-6ExtraClear зак-14Аг-6LartaProPremiumT(поз.5)зак;\n\n- СПД 62мм: 10LartaPro HP Neutral 60/40 зак (поз.2)-16Аг-6ExtraClear зак-16Аг-66.4 Low E;\n\n- СПД 62мм с шелкографией: 10LartaPro HP Neutral 60/40 зак (поз.2)-16Аг-6ExtraClear зак-16Аг-66.4 Low E, RAL (поз. 6) )\n\nСПО. Непрозрачная зона:\n\n- СПО 28мм: 8LartaPro HP Neutral 60/40 зак (поз.2)-14-6ExtraClear зак, RAL (поз. 4) по согласованию;\n\n- СЭП 52мм: оц. лист RAL-50 утпл-оц. лист неокрас.\n\n25. Простенки в местах примыкания нормируемых по огнестойкости внутренних стен и перегородок (в т.ч. противопожарных) выполнить согласно СТУ пункту 5 таблицы 1.\n\n26. Заполнение проемов из лестниц паркинга в 1 и 2 секции, и в районе осей Лп/8п-9-п на расстояние 4м от вершины угла соединения внешних стен (в любую из двух сторон) выполнить в противопожарном исполнение EI60.",
    "type": "text",
    "page_index": 0,
    "category": ""
  },
  {
    "block_id": "5c32c607-af4b-4ece-86b0-ec4ee5275b34",
    "text": "\n\n# Общие указания:\n\n1. В представленном комплекте АР6.1 разработаны фасадные решения стилобатной части жилого комплекса.\n2. Рабочая документация разработана на основании:\n   - технического задания на разработку рабочей документации по объекту:  \n     «Жилой комплекс по адресу: г. Москва, ул. Фридриха Энгельса, земельный участок 56/1; вл.58, стр.1,2,3; вл.60, стр.1, вл.62, стр.1»\n   - положительного заключения негосударственной экспертизы 77-2-1-2-00243-2024,\n   - СТУ в части обеспечения противопожарной защиты,\n   - СТУ на проектирование и строительство объекта.\n3. Рабочая документация разработана в соответствии с действующими правилами, нормами и стандартами. В том числе:\n   - Федеральный закон от 22 июля 2008 г. №123-ФЗ \"Технический регламент о требованиях пожарной безопасности\",\n   - Федеральный закон от 30 декабря 2009 г. N 384-ФЗ \"Технический регламент о безопасности зданий и сооружений,\n   - СП 1.13130.2020 \"Системы противопожарной защиты. Эвакуационные пути и выходы\",\n   - СП 2.13130.2020 \"Системы противопожарной защиты. Обеспечение огнестойкости объектов защиты\",\n   - СП 4.13130.2013 \"Системы противопожарной защиты. Ограничение распространения пожара на объектах защиты. Требования к объемно-планировочным и конструктивным решениям.\n   - СП 15.13330.2020 \"Каменные и армокамерные конструкции\",\n   - СП 16.13330.2017 \"Стальные конструкции\",\n   - СП 28.13330.2017 \"Защита строительных конструкций от коррозии\",\n   - СП 50.13330.2012 \"Тепловая защита зданий\",\n   - СП 51.13330.2011 \"Защита от шума\",\n   - СП 54.13330.2016 \"Здания жилые многоквартирные\",\n   - СП 59.13330.2020 \"Доступность зданий сооружений для маломобильных групп населения\",\n   - СП 113.13330.2016 \"Стоянки автомобилей\".\n4. За относительную отметку 0,000 принята абсолютная отметка 137,55.\n5. Характеристика здания:\n   - Степень огнестойкости здания – I\n   - Пожарные отсеки жилого комплекса и пожарный отсек подземной автостоянки предусмотрены I степени огнестойкости с повышенными пределами основных несущих конструкций до R(REI) 150 класса конструктивной пожарной опасности С0.\n   - Уровень ответственности – нормальный\n   - Класс конструктивной пожарной опасности зданий – С0\n   - Класс пожарной опасности строительной конструкции – К0.\n   - Класс функциональной пожарной опасности жилых корпусов – Ф1.3\n   - Класс функциональной пожарной опасности помещения организаций торговли Ф 3.1\n   - Класс функциональной пожарной опасности помещения организаций общественного питания Ф 3.2\n   - Класс функциональной пожарной опасности офисные помещения, помещения управляющей компании Ф 4.3\n   - Класс функциональной пожарной опасности кладовых помещений – Ф5.2\n   - Класс функциональной пожарной опасности подземной автостоянки – Ф5.2\n   - Класс функциональной пожарной опасности технических помещений – Ф5.1\n6. Все основные несущие конструкции, в т.ч. внутренние лестницы и стены лифтовых шахт выполняются из монолитного железобетона (см. комплекты чертежей марки КЖ). Привязки монолитных ж.б. конструкций и отверстий в монолитных перекрытиях и стенах см. комплекты КЖ.\n7. Данный раздел смотреть совместно с чертежами разделов АР, ГП, КЖ, инженерными и технологическими разделами проекта.\n8. Работы вести в соответствии с ППР, а также в соответствии с действующими строительными нормами и правилами, в том числе СП 70.13330.2017 \"Несущие и ограждающие конструкции\", СП 48.13330.2011 \"Организация строительства\".\n9. Производство работ в зимнее время выполнять в соответствии с указанием действующих норм и правил.\n10. В случае выявления непредвиденных работ и решений при выполнении работ по чертежам данной марки, подрядчик обязан поставить в известность представителя технического надзора заказчика и уведомить проектную организацию – разработчика проекта. Все изменения, вносимые в проект Заказчиком или строящей организацией, должны согласовываться в обязательном порядке с проектировщиками.\n11. Все применяемые в проекте изделия, типы стен и отделочных материалов и т.п. могут быть заменены на аналогичные (под аналогичными подразумевается материалы с идентичными физико-химическими, гигиеническими и эстетическими свойствами, имеющие все необходимые пожарные сертификаты и сертификаты соответствия), по усмотрению заказчика при обязательном согласии проектировщика.\n12. Предел огнестойкости узлов крепления и примыкания строительных конструкций между собой должен быть не ниже минимального требуемого предела огнестойкости стыкуемых строительных конструкций и определяется в рамках оценки огнестойкости стыкуемых строительных конструкций.",
    "type": "text",
    "page_index": 0,
    "category": ""
  }
]