{
  "blocks": [
    {
      "id": "f4cf88df-508c-49bd-b8c9-d240b101b110",
      "page_index": 0,
      "coords_px": [
        4704,
        127,
        6939,
        1538
      ],
      "coords_norm": [
        0.6703719538264216,
        0.025589361273423334,
        0.9888841385207353,
        0.30989320975216605
      ],
      "category": "",
      "block_type": "text",
      "source": "user",
      "image_file": "/data/jobs/e4520c28-18b6-40fc-ab33-6a90f19e657d/crops/block_f4cf88df-508c-49bd-b8c9-d240b101b110.png",
      "ocr_text": "\n\n20. Расчет фасадного утеплителя приведен в данном комплекте. Расчет утеплителя (сэндвич панелей) в составе витражей не предусматривается.\n\n21. Фасадные вывески применить по общему дизайн-проекту согласованному с Генпроектировщиком и Заказчиком.\n\n22. Деталировочные чертежи (КМД) по фасадам, в том числе: габариты элементов по результатам геодезических обмеров, расчеты несущей способности, узлы крепления, соединения и примыкания конструкций разрабатываются соответствующими подрядными организациями и согласовываются Генпроектировщиком.\n\n23. Объемы и площади фасадных материалов и т.д. корректируются подрядной организацией при разработке КМД и согласовывается с Заказчиком.\n\n24. Остекление конструкций производится в соответствии с рекомендациями LARTA GLASS:\n\nСПД – первый этаж. Прозрачная зона:\n\n- СПД 48мм: 8LartaProHPNeutral60/40зак(поз.2)-14Аг-6ExtraClear зак-14Аг-6LartaProPremiumТ(поз.5)зак;\n\n- СПД 62мм: 10LartaPro HP Neutral 60/40 зак (поз.2)-16Аг-6ExtraClear зак-16Аг-66.4 Low E;\n\n- СПД 62мм с шелкографией: 10LartaPro HP Neutral 60/40 зак (поз.2)-16Аг-6ExtraClear зак-16Аг-66.4 Low E, RAL (поз. 6)\n\nСПО. Непрозрачная зона:\n\n- СПО 28мм: 8LartaPro HP Neutral 60/40 зак (поз.2)-14-6ExtraClear зак, RAL (поз. 4) по согласованию;\n\n- СЭП 52мм: оц. лист RAL-50 утпл-оц. лист неокрас.\n\n25. Простенки в местах примыкания нормируемых по огнестойкости внутренних стен и перегородок (в т.ч. противопожарных) выполнить согласно СТУ пункту 5 таблицы 1.\n\n26. Заполнение проемов из лестниц паркинга в 1 и 2 секции, и в районе осей Лп/8п-9-п на расстояние 4м от вершины угла соединения внешних стен (в любую из двух сторон) выполнить в противопожарном исполнение EI60."
    }
  ]
}